Timestamp,Data19:18滿電
2025-09-05T15:29:13.582Z,484
2025-09-05T15:29:23.573Z,485
2025-09-05T15:29:33.563Z,484
2025-09-05T15:29:43.559Z,485
2025-09-05T15:29:53.549Z,483
2025-09-05T15:30:03.540Z,484
2025-09-05T15:30:13.531Z,479
2025-09-05T15:30:23.549Z,484
2025-09-05T15:30:33.512Z,483
2025-09-05T15:30:43.503Z,481
2025-09-05T15:30:53.495Z,481
2025-09-05T15:31:03.491Z,482
2025-09-05T15:31:13.480Z,480
2025-09-05T15:31:23.471Z,481
2025-09-05T15:31:33.465Z,483
2025-09-05T15:31:43.453Z,482
2025-09-05T15:31:53.443Z,478
2025-09-05T15:32:03.434Z,478
2025-09-05T15:32:13.425Z,480
2025-09-05T15:32:23.416Z,483
2025-09-05T15:32:33.407Z,481
2025-09-05T15:32:43.402Z,479
2025-09-05T15:32:53.393Z,482
2025-09-05T15:33:03.398Z,482
2025-09-05T15:33:13.374Z,483
2025-09-05T15:33:23.370Z,481
2025-09-05T15:33:33.365Z,481
2025-09-05T15:33:43.347Z,482
2025-09-05T15:33:53.337Z,482
2025-09-05T15:34:03.328Z,481
2025-09-05T15:34:13.323Z,479
2025-09-05T15:34:23.314Z,478
2025-09-05T15:34:33.305Z,482
2025-09-05T15:34:43.296Z,483
2025-09-05T15:34:53.502Z,483
2025-09-05T15:35:03.286Z,480
2025-09-05T15:35:13.270Z,480
2025-09-05T15:35:23.258Z,479
2025-09-05T15:35:33.318Z,480
2025-09-05T15:35:43.245Z,481
2025-09-05T15:35:53.238Z,482
2025-09-05T15:36:03.226Z,481
2025-09-05T15:36:13.217Z,479
2025-09-05T15:36:23.208Z,482
2025-09-05T15:36:33.199Z,484
2025-09-05T15:36:43.190Z,481
2025-09-05T15:36:53.183Z,481
2025-09-05T15:37:03.171Z,479
2025-09-05T15:37:13.166Z,484
2025-09-05T15:37:23.156Z,478
2025-09-05T15:37:33.148Z,479
2025-09-05T15:37:43.138Z,481
2025-09-05T15:37:53.129Z,483
2025-09-05T15:38:03.120Z,483
2025-09-05T15:38:13.112Z,480
2025-09-05T15:38:23.102Z,480
2025-09-05T15:38:33.093Z,479
2025-09-05T15:38:43.088Z,480
2025-09-05T15:38:53.079Z,480
2025-09-05T15:39:03.069Z,482
2025-09-05T15:39:13.060Z,484
2025-09-05T15:39:23.050Z,479
2025-09-05T15:39:33.041Z,478
2025-09-05T15:39:43.032Z,483
2025-09-05T15:39:53.023Z,484
2025-09-05T15:40:03.014Z,485
2025-09-05T15:40:13.009Z,481
2025-09-05T15:40:23.013Z,483
2025-09-05T15:40:32.991Z,477
2025-09-05T15:40:42.981Z,478
2025-09-05T15:40:52.973Z,485
2025-09-05T15:41:02.963Z,482
2025-09-05T15:41:12.954Z,483
2025-09-05T15:41:22.946Z,480
2025-09-05T15:41:32.936Z,483
2025-09-05T15:41:42.931Z,483
2025-09-05T15:41:52.922Z,480
2025-09-05T15:42:02.913Z,479
2025-09-05T15:42:12.903Z,483
2025-09-05T15:42:22.894Z,484
2025-09-05T15:42:32.886Z,482
2025-09-05T15:42:42.876Z,479
2025-09-05T15:42:52.868Z,480
2025-09-05T15:43:02.857Z,481
2025-09-05T15:43:12.852Z,480
2025-09-05T15:43:22.843Z,482
2025-09-05T15:43:32.834Z,485
2025-09-05T15:43:42.825Z,477
2025-09-05T15:43:52.816Z,479
2025-09-05T15:44:02.808Z,480
2025-09-05T15:44:12.797Z,481
2025-09-05T15:44:22.788Z,484
2025-09-05T15:44:32.779Z,481
2025-09-05T15:44:42.774Z,481
2025-09-05T15:44:53.302Z,483
2025-09-05T15:45:02.759Z,479
2025-09-05T15:45:12.751Z,478
2025-09-05T15:45:22.737Z,479
2025-09-05T15:45:32.728Z,480
2025-09-05T15:45:42.723Z,478
2025-09-05T15:45:52.710Z,480
2025-09-05T15:46:02.701Z,479
2025-09-05T15:46:12.695Z,483
2025-09-05T15:46:22.686Z,479
2025-09-05T15:46:32.677Z,481
2025-09-05T15:46:42.668Z,482
2025-09-05T15:46:52.659Z,480
2025-09-05T15:47:02.650Z,481
2025-09-05T15:47:12.643Z,479
2025-09-05T15:47:22.631Z,480
2025-09-05T15:47:32.640Z,482
2025-09-05T15:47:42.617Z,484
2025-09-05T15:47:52.616Z,481
2025-09-05T15:48:02.599Z,476
2025-09-05T15:48:12.591Z,478
2025-09-05T15:48:22.588Z,480
2025-09-05T15:48:32.571Z,479
2025-09-05T15:48:42.561Z,481
2025-09-05T15:48:52.552Z,482
2025-09-05T15:49:02.543Z,481
2025-09-05T15:49:12.538Z,480
2025-09-05T15:49:22.529Z,482
2025-09-05T15:49:32.628Z,481
2025-09-05T15:49:42.510Z,478
2025-09-05T15:49:52.614Z,483
2025-09-05T15:50:02.493Z,482
2025-09-05T15:50:12.573Z,481
2025-09-05T15:50:22.474Z,483
2025-09-05T15:50:32.465Z,482
2025-09-05T15:50:42.460Z,482
2025-09-05T15:50:52.451Z,484
2025-09-05T15:51:02.467Z,484
2025-09-05T15:51:12.432Z,483
2025-09-05T15:51:22.423Z,478
2025-09-05T15:51:32.414Z,483
2025-09-05T15:51:42.404Z,478
2025-09-05T15:51:52.395Z,484
2025-09-05T15:52:02.386Z,483
2025-09-05T15:52:12.381Z,482
2025-09-05T15:52:22.379Z,483
2025-09-05T15:52:32.363Z,482
2025-09-05T15:52:42.355Z,478
2025-09-05T15:52:52.346Z,479
2025-09-05T15:53:02.336Z,480
2025-09-05T15:53:12.326Z,480
2025-09-05T15:53:22.317Z,483
2025-09-05T15:53:32.308Z,483
2025-09-05T15:53:42.303Z,481
2025-09-05T15:53:52.293Z,481
2025-09-05T15:54:02.284Z,483
2025-09-05T15:54:12.277Z,479
2025-09-05T15:54:22.266Z,480
2025-09-05T15:54:32.257Z,479
2025-09-05T15:54:42.248Z,482
2025-09-05T15:54:52.239Z,478
2025-09-05T15:55:02.230Z,481
2025-09-05T15:55:12.225Z,479
2025-09-05T15:55:22.215Z,479
2025-09-05T15:55:32.206Z,480
2025-09-05T15:55:42.197Z,484
2025-09-05T15:55:52.188Z,480
2025-09-05T15:56:02.179Z,481
2025-09-05T15:56:12.170Z,479
2025-09-05T15:56:22.160Z,481
2025-09-05T15:56:32.155Z,482
2025-09-05T15:56:42.147Z,482
2025-09-05T15:56:52.138Z,480
2025-09-05T15:57:02.130Z,480
2025-09-05T15:57:12.118Z,479
2025-09-05T15:57:22.109Z,483
2025-09-05T15:57:32.100Z,485
2025-09-05T15:57:42.092Z,484
2025-09-05T15:57:52.081Z,483
2025-09-05T15:58:02.077Z,480
2025-09-05T15:58:12.068Z,482
2025-09-05T15:58:22.059Z,481
2025-09-05T15:58:32.050Z,481
2025-09-05T15:58:42.040Z,481
2025-09-05T15:58:52.031Z,480
2025-09-05T15:59:02.022Z,479
2025-09-05T15:59:12.012Z,482
2025-09-05T15:59:22.007Z,486
2025-09-05T15:59:32.000Z,486
2025-09-05T15:59:41.991Z,481
2025-09-05T15:59:51.980Z,484
2025-09-05T16:00:01.970Z,479
2025-09-05T16:00:11.961Z,479
2025-09-05T16:00:21.958Z,483
2025-09-05T16:00:31.943Z,482
2025-09-05T16:00:41.934Z,483
2025-09-05T16:00:51.928Z,480
2025-09-05T16:01:01.919Z,483
2025-09-05T16:01:11.911Z,481
2025-09-05T16:01:21.901Z,481
2025-09-05T16:01:31.892Z,480
2025-09-05T16:01:41.883Z,478
2025-09-05T16:01:51.874Z,481
2025-09-05T16:02:01.865Z,481
2025-09-05T16:02:11.856Z,482
2025-09-05T16:02:21.851Z,478
2025-09-05T16:02:31.842Z,479
2025-09-05T16:02:41.832Z,482
2025-09-05T16:02:51.823Z,480
2025-09-05T16:03:01.814Z,483
2025-09-05T16:03:11.804Z,481
2025-09-05T16:03:21.796Z,480
2025-09-05T16:03:31.786Z,481
2025-09-05T16:03:41.777Z,484
2025-09-05T16:03:51.773Z,482
2025-09-05T16:04:01.764Z,479
2025-09-05T16:04:11.756Z,481
2025-09-05T16:04:21.744Z,483
2025-09-05T16:04:31.736Z,480
2025-09-05T16:04:41.726Z,484
2025-09-05T16:04:51.716Z,481
2025-09-05T16:05:01.709Z,479
2025-09-05T16:05:11.700Z,483
2025-09-05T16:05:21.693Z,481
2025-09-05T16:05:31.684Z,482
2025-09-05T16:05:41.675Z,479
2025-09-05T16:05:51.666Z,482
2025-09-05T16:06:01.657Z,482
2025-09-05T16:06:11.647Z,483
2025-09-05T16:06:21.639Z,481
2025-09-05T16:06:31.629Z,481
2025-09-05T16:06:41.620Z,479
2025-09-05T16:06:51.616Z,483
2025-09-05T16:07:01.606Z,481
2025-09-05T16:07:11.597Z,479
2025-09-05T16:07:21.587Z,483
2025-09-05T16:07:31.578Z,482
2025-09-05T16:07:41.569Z,482
2025-09-05T16:07:51.561Z,477
2025-09-05T16:08:01.550Z,481
2025-09-05T16:08:11.550Z,480
2025-09-05T16:08:21.536Z,478
2025-09-05T16:08:31.642Z,482
2025-09-05T16:08:41.522Z,484
2025-09-05T16:08:51.510Z,482
2025-09-05T16:09:01.500Z,479
2025-09-05T16:09:11.491Z,479
2025-09-05T16:09:21.484Z,478
2025-09-05T16:09:31.472Z,484
2025-09-05T16:09:41.468Z,482
2025-09-05T16:09:51.458Z,480
2025-09-05T16:10:01.552Z,479
2025-09-05T16:10:11.513Z,480
2025-09-05T16:10:21.455Z,480
2025-09-05T16:10:31.426Z,484
2025-09-05T16:10:41.687Z,478
2025-09-05T16:10:51.403Z,484
2025-09-05T16:11:01.394Z,480
2025-09-05T16:11:11.390Z,478
2025-09-05T16:11:21.380Z,480
2025-09-05T16:11:31.434Z,482
2025-09-05T16:11:41.370Z,479
2025-09-05T16:11:51.373Z,479
2025-09-05T16:12:01.345Z,478
2025-09-05T16:12:11.337Z,481
2025-09-05T16:12:21.324Z,484
2025-09-05T16:12:31.315Z,485
2025-09-05T16:12:41.312Z,480
2025-09-05T16:12:51.301Z,486
2025-09-05T16:13:01.362Z,483
2025-09-05T16:13:11.282Z,481
2025-09-05T16:13:21.274Z,480
2025-09-05T16:13:31.264Z,483
2025-09-05T16:13:41.255Z,481
2025-09-05T16:13:51.297Z,483
2025-09-05T16:14:01.255Z,481
2025-09-05T16:14:11.233Z,481
2025-09-05T16:14:21.222Z,479
2025-09-05T16:14:31.213Z,482
2025-09-05T16:14:41.204Z,482
2025-09-05T16:14:51.195Z,481
2025-09-05T16:15:01.187Z,479
2025-09-05T16:15:11.176Z,481
2025-09-05T16:15:21.167Z,482
2025-09-05T16:15:31.168Z,481
2025-09-05T16:15:41.154Z,479
2025-09-05T16:15:51.147Z,482
2025-09-05T16:16:01.201Z,483
2025-09-05T16:16:11.129Z,482
2025-09-05T16:16:21.118Z,480
2025-09-05T16:16:31.108Z,481
2025-09-05T16:16:41.098Z,483
2025-09-05T16:16:51.100Z,481
2025-09-05T16:17:01.084Z,478
2025-09-05T16:17:11.075Z,481
2025-09-05T16:17:21.066Z,483
2025-09-05T16:17:31.059Z,479
2025-09-05T16:17:41.048Z,480
2025-09-05T16:17:51.038Z,476
2025-09-05T16:18:01.029Z,483
2025-09-05T16:18:11.020Z,481
2025-09-05T16:18:21.010Z,479
2025-09-05T16:18:31.006Z,480
2025-09-05T16:18:40.996Z,478
2025-09-05T16:18:50.994Z,483
2025-09-05T16:19:00.979Z,482
2025-09-05T16:19:10.974Z,481
2025-09-05T16:19:20.960Z,483
2025-09-05T16:19:30.951Z,480
2025-09-05T16:19:40.941Z,478
2025-09-05T16:19:50.955Z,482
2025-09-05T16:20:00.929Z,488
2025-09-05T16:20:10.951Z,484
2025-09-05T16:20:20.908Z,487
2025-09-05T16:20:30.901Z,479
2025-09-05T16:20:40.950Z,479
2025-09-05T16:20:50.896Z,481
2025-09-05T16:21:00.872Z,479
2025-09-05T16:21:10.863Z,479
2025-09-05T16:21:20.854Z,480
2025-09-05T16:21:30.848Z,479
2025-09-05T16:21:40.840Z,482
2025-09-05T16:21:50.830Z,481
2025-09-05T16:22:00.822Z,485
2025-09-05T16:22:10.812Z,477
2025-09-05T16:22:20.803Z,484
2025-09-05T16:22:30.794Z,483
2025-09-05T16:22:40.784Z,482
2025-09-05T16:22:50.776Z,482
2025-09-05T16:23:00.767Z,480
2025-09-05T16:23:10.761Z,485
2025-09-05T16:23:20.765Z,483
2025-09-05T16:23:30.743Z,481
2025-09-05T16:23:40.735Z,483
2025-09-05T16:23:50.746Z,482
2025-09-05T16:24:00.716Z,484
2025-09-05T16:24:10.706Z,482
2025-09-05T16:24:20.697Z,484
2025-09-05T16:24:30.688Z,481
2025-09-05T16:24:40.716Z,479
2025-09-05T16:24:50.674Z,481
2025-09-05T16:25:00.664Z,480
2025-09-05T16:25:10.655Z,483
2025-09-05T16:25:20.646Z,479
2025-09-05T16:25:30.637Z,483
2025-09-05T16:25:40.629Z,485
2025-09-05T16:25:50.619Z,482
2025-09-05T16:26:01.019Z,481
2025-09-05T16:26:10.605Z,480
2025-09-05T16:26:20.953Z,480
2025-09-05T16:26:30.632Z,481
2025-09-05T16:26:40.577Z,484
2025-09-05T16:26:50.568Z,483
2025-09-05T16:27:00.601Z,481
2025-09-05T16:27:10.549Z,482
2025-09-05T16:27:20.544Z,481
2025-09-05T16:27:30.648Z,481
2025-09-05T16:27:40.522Z,480
2025-09-05T16:27:50.518Z,482
2025-09-05T16:28:00.508Z,482
2025-09-05T16:28:10.499Z,480
2025-09-05T16:28:20.501Z,479
2025-09-05T16:28:30.480Z,482
2025-09-05T16:28:40.471Z,482
2025-09-05T16:28:50.462Z,482
2025-09-05T16:29:00.452Z,484
2025-09-05T16:29:10.444Z,484
2025-09-05T16:29:20.439Z,479
2025-09-05T16:29:30.430Z,484
2025-09-05T16:29:40.427Z,481
2025-09-05T16:29:50.411Z,483
2025-09-05T16:30:00.409Z,480
2025-09-05T16:30:10.393Z,482
2025-09-05T16:30:20.408Z,484
2025-09-05T16:30:30.374Z,484
2025-09-05T16:30:40.365Z,478
2025-09-05T16:30:50.357Z,480
2025-09-05T16:31:00.352Z,480
2025-09-05T16:31:10.341Z,481
2025-09-05T16:31:20.343Z,480
2025-09-05T16:31:30.334Z,481
2025-09-05T16:31:40.314Z,485
2025-09-05T16:31:50.314Z,481
2025-09-05T16:32:00.296Z,484
2025-09-05T16:32:10.287Z,480
2025-09-05T16:32:20.277Z,483
2025-09-05T16:32:30.272Z,483
2025-09-05T16:32:40.263Z,483
2025-09-05T16:32:50.254Z,483
2025-09-05T16:33:00.248Z,482
2025-09-05T16:33:10.235Z,482
2025-09-05T16:33:20.226Z,481
2025-09-05T16:33:30.217Z,483
2025-09-05T16:33:40.208Z,481
2025-09-05T16:33:50.199Z,478
2025-09-05T16:34:00.193Z,484
2025-09-05T16:34:10.190Z,478
2025-09-05T16:34:20.176Z,480
2025-09-05T16:34:30.166Z,481
2025-09-05T16:34:40.156Z,479
2025-09-05T16:34:50.147Z,479
2025-09-05T16:35:00.138Z,480
2025-09-05T16:35:10.130Z,487
2025-09-05T16:35:20.121Z,481
2025-09-05T16:35:30.115Z,481
2025-09-05T16:35:40.122Z,476
2025-09-05T16:35:50.109Z,479
2025-09-05T16:36:00.087Z,481
2025-09-05T16:36:10.078Z,478
2025-09-05T16:36:20.141Z,481
2025-09-05T16:36:30.059Z,482
2025-09-05T16:36:40.051Z,479
2025-09-05T16:36:50.042Z,482
2025-09-05T16:37:00.036Z,481
2025-09-05T16:37:10.033Z,483
2025-09-05T16:37:20.018Z,478
2025-09-05T16:37:30.065Z,480
2025-09-05T16:37:40.000Z,481
2025-09-05T16:37:50.003Z,480
2025-09-05T16:37:59.981Z,480
2025-09-05T16:38:09.972Z,482
2025-09-05T16:38:20.037Z,480
2025-09-05T16:38:29.958Z,478
2025-09-05T16:38:39.949Z,482
2025-09-05T16:38:49.940Z,484
2025-09-05T16:38:59.931Z,479
2025-09-05T16:39:09.922Z,480
2025-09-05T16:39:19.914Z,480
2025-09-05T16:39:29.903Z,479
2025-09-05T16:39:39.895Z,484
2025-09-05T16:39:49.885Z,483
2025-09-05T16:39:59.891Z,481
2025-09-05T16:40:09.871Z,481
2025-09-05T16:40:19.862Z,481
2025-09-05T16:40:29.853Z,481
2025-09-05T16:40:39.847Z,482
2025-09-05T16:40:49.834Z,482
2025-09-05T16:40:59.834Z,479
2025-09-05T16:41:09.815Z,484
2025-09-05T16:41:19.807Z,483
2025-09-05T16:41:29.801Z,484
2025-09-05T16:41:39.792Z,481
2025-09-05T16:41:49.782Z,483
2025-09-05T16:41:59.773Z,483
2025-09-05T16:42:09.764Z,486
2025-09-05T16:42:19.767Z,481
2025-09-05T16:42:29.748Z,478
2025-09-05T16:42:39.737Z,478
2025-09-05T16:42:49.727Z,482
2025-09-05T16:42:59.722Z,482
2025-09-05T16:43:09.713Z,480
2025-09-05T16:43:19.704Z,482
2025-09-05T16:43:29.696Z,480
2025-09-05T16:43:39.686Z,483
2025-09-05T16:43:49.686Z,481
2025-09-05T16:43:59.675Z,480
2025-09-05T16:44:09.658Z,477
2025-09-05T16:44:19.649Z,484
2025-09-05T16:44:29.644Z,484
2025-09-05T16:44:39.838Z,483
2025-09-05T16:44:49.633Z,480
2025-09-05T16:44:59.624Z,484
2025-09-05T16:45:09.608Z,483
2025-09-05T16:45:19.599Z,479
2025-09-05T16:45:29.590Z,482
2025-09-05T16:45:39.579Z,480
2025-09-05T16:45:49.570Z,480
2025-09-05T16:45:59.565Z,483
2025-09-05T16:46:09.570Z,479
2025-09-05T16:46:19.576Z,480
2025-09-05T16:46:29.538Z,483
2025-09-05T16:46:39.529Z,479
2025-09-05T16:46:49.519Z,483
2025-09-05T16:46:59.510Z,484
2025-09-05T16:47:09.501Z,483
2025-09-05T16:47:19.492Z,481
2025-09-05T16:47:29.487Z,480
2025-09-05T16:47:39.477Z,483
2025-09-05T16:47:49.469Z,484
2025-09-05T16:47:59.461Z,477
2025-09-05T16:48:09.451Z,483
2025-09-05T16:48:19.442Z,482
2025-09-05T16:48:29.432Z,481
2025-09-05T16:48:39.452Z,480
2025-09-05T16:48:49.414Z,482
2025-09-05T16:48:59.426Z,480
2025-09-05T16:49:09.399Z,481
2025-09-05T16:49:19.390Z,484
2025-09-05T16:49:29.381Z,481
2025-09-05T16:49:39.381Z,474
2025-09-05T16:49:49.363Z,478
2025-09-05T16:49:59.355Z,481
2025-09-05T16:50:09.347Z,481
2025-09-05T16:50:19.340Z,482
2025-09-05T16:50:29.381Z,479
2025-09-05T16:50:39.327Z,480
2025-09-05T16:50:49.313Z,481
2025-09-05T16:50:59.303Z,483
2025-09-05T16:51:09.294Z,482
2025-09-05T16:51:19.285Z,480
2025-09-05T16:51:29.275Z,481
2025-09-05T16:51:39.266Z,479
2025-09-05T16:51:49.261Z,480
2025-09-05T16:51:59.256Z,482
2025-09-05T16:52:09.243Z,484
2025-09-05T16:52:19.267Z,481
2025-09-05T16:52:29.228Z,482
2025-09-05T16:52:39.216Z,481
2025-09-05T16:52:49.207Z,481
2025-09-05T16:52:59.212Z,481
2025-09-05T16:53:09.189Z,482
2025-09-05T16:53:19.308Z,481
2025-09-05T16:53:29.174Z,476
2025-09-05T16:53:39.165Z,483
2025-09-05T16:53:49.155Z,480
2025-09-05T16:53:59.146Z,483
2025-09-05T16:54:09.140Z,477
2025-09-05T16:54:19.145Z,482
2025-09-05T16:54:29.119Z,482
2025-09-05T16:54:39.110Z,478
2025-09-05T16:54:49.104Z,483
2025-09-05T16:54:59.095Z,478
2025-09-05T16:55:09.114Z,482
2025-09-05T16:55:19.081Z,483
2025-09-05T16:55:29.068Z,476
2025-09-05T16:55:39.058Z,482
2025-09-05T16:55:49.050Z,482
2025-09-05T16:55:59.041Z,484
2025-09-05T16:56:09.031Z,479
2025-09-05T16:56:19.036Z,480
2025-09-05T16:56:29.018Z,482
2025-09-05T16:56:39.015Z,483
2025-09-05T16:56:49.000Z,483
2025-09-05T16:56:58.990Z,479
2025-09-05T16:57:09.003Z,479
2025-09-05T16:57:18.975Z,483
2025-09-05T16:57:28.972Z,480
2025-09-05T16:57:38.953Z,480
2025-09-05T16:57:48.948Z,480
2025-09-05T16:57:58.938Z,478
2025-09-05T16:58:08.930Z,482
2025-09-05T16:58:18.920Z,480
2025-09-05T16:58:28.911Z,477
2025-09-05T16:58:38.902Z,483
2025-09-05T16:58:48.892Z,483
2025-09-05T16:58:58.887Z,479
2025-09-05T16:59:08.874Z,480
2025-09-05T16:59:18.870Z,479
2025-09-05T16:59:28.860Z,480
2025-09-05T16:59:38.889Z,481
2025-09-05T16:59:48.845Z,480
2025-09-05T16:59:58.836Z,483
2025-09-05T17:00:08.823Z,480
2025-09-05T17:00:18.814Z,484
2025-09-05T17:00:28.853Z,482
2025-09-05T17:00:38.795Z,483
2025-09-05T17:00:48.786Z,479
2025-09-05T17:00:58.781Z,483
2025-09-05T17:01:08.772Z,479
2025-09-05T17:01:18.822Z,479
2025-09-05T17:01:28.756Z,479
2025-09-05T17:01:38.745Z,481
2025-09-05T17:01:48.737Z,478
2025-09-05T17:01:58.726Z,479
2025-09-05T17:02:08.716Z,482
2025-09-05T17:02:18.707Z,483
2025-09-05T17:02:28.702Z,480
2025-09-05T17:02:38.693Z,481
2025-09-05T17:02:48.684Z,481
2025-09-05T17:02:58.675Z,481
2025-09-05T17:03:08.667Z,482
2025-09-05T17:03:18.660Z,480
2025-09-05T17:04:16.487Z,478
2025-09-05T17:04:26.478Z,479
2025-09-05T17:04:36.473Z,480
2025-09-05T17:04:46.460Z,482
2025-09-05T17:04:56.450Z,480
2025-09-05T17:05:06.475Z,480
2025-09-05T17:05:16.484Z,479
2025-09-05T17:05:26.424Z,477
2025-09-05T17:05:36.555Z,483
2025-09-05T17:05:46.410Z,481
2025-09-05T17:05:56.401Z,478
2025-09-05T17:06:06.392Z,481
2025-09-05T17:06:16.402Z,478
2025-09-05T17:06:26.373Z,483
2025-09-05T17:06:36.369Z,477
2025-09-05T17:06:46.354Z,481
2025-09-05T17:06:56.347Z,480
2025-09-05T17:07:06.336Z,480
2025-09-05T17:07:16.331Z,480
2025-09-05T17:07:26.322Z,478
2025-09-05T17:07:36.340Z,478
2025-09-05T17:07:46.306Z,479
2025-09-05T17:07:56.295Z,479
2025-09-05T17:08:06.285Z,482
2025-09-05T17:08:16.279Z,480
2025-09-05T17:08:26.267Z,480
2025-09-05T17:08:36.257Z,479
2025-09-05T17:08:46.253Z,479
2025-09-05T17:08:56.246Z,482
2025-09-05T17:09:06.234Z,483
2025-09-05T17:09:16.225Z,479
2025-09-05T17:09:26.216Z,483
2025-09-05T17:09:36.207Z,483
2025-09-05T17:09:46.198Z,483
2025-09-05T17:09:56.188Z,476
2025-09-05T17:10:06.181Z,478
2025-09-05T17:10:16.170Z,481
2025-09-05T17:10:26.165Z,480
2025-09-05T17:10:36.155Z,484
2025-09-05T17:10:46.148Z,480
2025-09-05T17:10:56.137Z,484
2025-09-05T17:11:06.129Z,481
2025-09-05T17:11:16.119Z,479
2025-09-05T17:11:26.112Z,479
2025-09-05T17:11:36.107Z,483
2025-09-05T17:11:46.092Z,481
2025-09-05T17:11:56.179Z,480
2025-09-05T17:12:06.129Z,481
2025-09-05T17:12:16.076Z,479
2025-09-05T17:12:26.067Z,482
2025-09-05T17:12:36.050Z,482
2025-09-05T17:12:46.052Z,481
2025-09-05T17:12:56.190Z,482
2025-09-05T17:13:06.022Z,483
2025-09-05T17:13:16.178Z,479
2025-09-05T17:13:26.007Z,481
2025-09-05T17:13:36.012Z,478
2025-09-05T17:13:45.994Z,483
2025-09-05T17:13:55.980Z,480
2025-09-05T17:14:05.972Z,481
2025-09-05T17:14:15.973Z,485
2025-09-05T17:14:25.953Z,476
2025-09-05T17:14:35.980Z,481
2025-09-05T17:14:45.934Z,482
2025-09-05T17:14:55.927Z,482
2025-09-05T17:15:05.920Z,483
2025-09-05T17:15:15.912Z,477
2025-09-05T17:15:25.925Z,484
2025-09-05T17:15:35.896Z,483
2025-09-05T17:15:45.884Z,481
2025-09-05T17:15:55.945Z,483
2025-09-05T17:16:05.866Z,480
2025-09-05T17:16:15.856Z,483
2025-09-05T17:16:25.848Z,482
2025-09-05T17:16:35.842Z,480
2025-09-05T17:16:45.836Z,479
2025-09-05T17:16:55.824Z,481
2025-09-05T17:17:05.839Z,481
2025-09-05T17:17:15.805Z,478
2025-09-05T17:17:25.796Z,480
2025-09-05T17:17:35.815Z,482
2025-09-05T17:17:45.779Z,480
2025-09-05T17:17:55.769Z,477
2025-09-05T17:18:05.766Z,479
2025-09-05T17:18:15.755Z,478
2025-09-05T17:18:25.745Z,481
2025-09-05T17:18:35.736Z,480
2025-09-05T17:18:45.727Z,483
2025-09-05T17:18:55.802Z,481
2025-09-05T17:19:05.710Z,482
2025-09-05T17:19:15.699Z,482
2025-09-05T17:19:25.870Z,481
2025-09-05T17:19:35.704Z,481
2025-09-05T17:19:45.680Z,482
2025-09-05T17:19:55.680Z,481
2025-09-05T17:20:05.907Z,478
2025-09-05T17:20:15.648Z,483
2025-09-05T17:20:25.639Z,482
2025-09-05T17:20:35.833Z,480
2025-09-05T17:20:45.621Z,480
2025-09-05T17:20:55.655Z,479
2025-09-05T17:21:05.610Z,483
2025-09-05T17:21:15.601Z,479
2025-09-05T17:21:25.589Z,483
2025-09-05T17:21:35.579Z,480
2025-09-05T17:21:45.570Z,479
2025-09-05T17:21:55.561Z,483
2025-09-05T17:22:05.552Z,481
2025-09-05T17:22:15.543Z,479
2025-09-05T17:22:25.535Z,479
2025-09-05T17:22:35.530Z,481
2025-09-05T17:22:45.522Z,482
2025-09-05T17:22:55.509Z,481
2025-09-05T17:23:05.500Z,477
2025-09-05T17:23:15.630Z,479
2025-09-05T17:23:25.499Z,477
2025-09-05T17:23:35.473Z,483
2025-09-05T17:23:45.467Z,483
2025-09-05T17:23:55.454Z,479
2025-09-05T17:24:05.508Z,479
2025-09-05T17:24:15.440Z,481
2025-09-05T17:24:25.431Z,479
2025-09-05T17:24:35.539Z,481
2025-09-05T17:24:45.414Z,484
2025-09-05T17:24:55.404Z,483
2025-09-05T17:25:05.486Z,481
2025-09-05T17:25:15.389Z,479
2025-09-05T17:25:25.382Z,481
2025-09-05T17:25:35.371Z,482
2025-09-05T17:25:45.362Z,481
2025-09-05T17:25:55.356Z,477
2025-09-05T17:26:05.344Z,480
2025-09-05T17:26:15.335Z,476
2025-09-05T17:26:25.326Z,479
2025-09-05T17:26:35.317Z,481
2025-09-05T17:26:45.307Z,481
2025-09-05T17:26:55.298Z,482
2025-09-05T17:27:05.309Z,478
2025-09-05T17:27:15.284Z,478
2025-09-05T17:27:25.274Z,479
2025-09-05T17:27:35.266Z,483
2025-09-05T17:27:45.256Z,482
2025-09-05T17:27:55.358Z,481
2025-09-05T17:28:05.238Z,479
2025-09-05T17:28:15.229Z,479
2025-09-05T17:28:25.219Z,481
2025-09-05T17:28:35.214Z,478
2025-09-05T17:28:45.205Z,479
2025-09-05T17:28:55.196Z,477
2025-09-05T17:29:05.187Z,481
2025-09-05T17:29:15.178Z,480
2025-09-05T17:29:25.169Z,478
2025-09-05T17:29:35.199Z,482
2025-09-05T17:29:45.150Z,479
2025-09-05T17:29:55.152Z,480
2025-09-05T17:30:05.138Z,481
2025-09-05T17:30:15.127Z,480
2025-09-05T17:30:25.118Z,482
2025-09-05T17:30:35.108Z,484
2025-09-05T17:30:45.101Z,482
2025-09-05T17:30:55.120Z,479
2025-09-05T17:31:05.081Z,481
2025-09-05T17:31:15.072Z,480
2025-09-05T17:31:25.062Z,479
2025-09-05T17:31:35.057Z,481
2025-09-05T17:31:45.084Z,479
2025-09-05T17:31:55.184Z,475
2025-09-05T17:32:05.032Z,480
2025-09-05T17:32:15.028Z,476
2025-09-05T17:32:25.011Z,482
2025-09-05T17:32:35.002Z,480
2025-09-05T17:32:44.999Z,480
2025-09-05T17:32:54.988Z,480
2025-09-05T17:33:04.978Z,483
2025-09-05T17:33:15.012Z,485
2025-09-05T17:33:24.960Z,483
2025-09-05T17:33:35.006Z,480
2025-09-05T17:33:44.943Z,481
2025-09-05T17:33:54.933Z,484
2025-09-05T17:34:04.925Z,481
2025-09-05T17:34:14.915Z,481
2025-09-05T17:34:24.906Z,482
2025-09-05T17:34:34.901Z,482
2025-09-05T17:34:44.891Z,483
2025-09-05T17:34:54.886Z,483
2025-09-05T17:35:04.873Z,476
2025-09-05T17:35:14.864Z,480
2025-09-05T17:35:24.854Z,478
2025-09-05T17:35:34.846Z,479
2025-09-05T17:35:44.842Z,478
2025-09-05T17:35:54.827Z,482
2025-09-05T17:36:04.840Z,484
2025-09-05T17:36:14.812Z,479
2025-09-05T17:36:24.803Z,482
2025-09-05T17:36:34.802Z,482
2025-09-05T17:36:44.785Z,480
2025-09-05T17:36:54.776Z,482
2025-09-05T17:37:04.800Z,482
2025-09-05T17:37:14.758Z,481
2025-09-05T17:37:24.754Z,481
2025-09-05T17:37:34.742Z,483
2025-09-05T17:37:44.734Z,485
2025-09-05T17:37:54.730Z,479
2025-09-05T17:38:04.716Z,480
2025-09-05T17:38:14.707Z,481
2025-09-05T17:38:24.698Z,482
2025-09-05T17:38:34.688Z,482
2025-09-05T17:38:44.705Z,483
2025-09-05T17:38:54.702Z,479
2025-09-05T17:39:04.661Z,481
2025-09-05T17:39:14.661Z,483
2025-09-05T17:39:24.647Z,480
2025-09-05T17:39:34.639Z,484
2025-09-05T17:39:44.629Z,484
2025-09-05T17:39:54.620Z,479
2025-09-05T17:40:04.637Z,477
2025-09-05T17:40:14.604Z,479
2025-09-05T17:40:24.594Z,482
2025-09-05T17:40:34.589Z,483
2025-09-05T17:40:44.585Z,483
2025-09-05T17:40:54.576Z,482
2025-09-05T17:41:04.558Z,485
2025-09-05T17:41:14.561Z,480
2025-09-05T17:41:24.540Z,485
2025-09-05T17:41:34.531Z,483
2025-09-05T17:41:44.524Z,483
2025-09-05T17:41:54.513Z,481
2025-09-05T17:42:04.771Z,483
2025-09-05T17:42:14.494Z,481
2025-09-05T17:42:24.489Z,484
2025-09-05T17:42:34.483Z,484
2025-09-05T17:42:44.472Z,481
2025-09-05T17:42:54.462Z,481
2025-09-05T17:43:04.458Z,481
2025-09-05T17:43:14.443Z,482
2025-09-05T17:43:24.434Z,481
2025-09-05T17:43:34.425Z,482
2025-09-05T17:43:44.416Z,484
2025-09-05T17:43:54.407Z,482
2025-09-05T17:44:04.402Z,477
2025-09-05T17:44:14.393Z,483
2025-09-05T17:44:24.409Z,481
2025-09-05T17:44:34.377Z,480
2025-09-05T17:44:44.365Z,485
2025-09-05T17:44:54.356Z,482
2025-09-05T17:45:04.349Z,485
2025-09-05T17:45:14.346Z,483
2025-09-05T17:45:24.333Z,485
2025-09-05T17:45:34.323Z,482
2025-09-05T17:45:44.316Z,484
2025-09-05T17:45:54.324Z,480
2025-09-05T17:46:04.296Z,485
2025-09-05T17:46:14.287Z,482
2025-09-05T17:46:24.279Z,481
2025-09-05T17:46:34.269Z,482
2025-09-05T17:46:44.259Z,486
2025-09-05T17:46:54.253Z,486
2025-09-05T17:47:04.241Z,484
2025-09-05T17:47:14.277Z,483
2025-09-05T17:47:24.229Z,481
2025-09-05T17:47:34.217Z,482
2025-09-05T17:47:44.208Z,481
2025-09-05T17:47:54.199Z,482
2025-09-05T17:48:04.248Z,484
2025-09-05T17:48:14.180Z,484
2025-09-05T17:48:24.173Z,483
2025-09-05T17:48:34.162Z,483
2025-09-05T17:48:44.177Z,482
2025-09-05T17:48:54.177Z,483
2025-09-05T17:49:04.139Z,483
2025-09-05T17:49:14.130Z,484
2025-09-05T17:49:24.121Z,482
2025-09-05T17:49:34.111Z,480
2025-09-05T17:49:44.146Z,483
2025-09-05T17:49:54.098Z,486
2025-09-05T17:50:04.084Z,485
2025-09-05T17:50:14.094Z,480
2025-09-05T17:50:24.069Z,480
2025-09-05T17:50:34.060Z,483
2025-09-05T17:50:44.051Z,486
2025-09-05T17:50:54.052Z,485
2025-09-05T17:51:04.033Z,482
2025-09-05T17:51:14.029Z,484
2025-09-05T17:51:24.015Z,481
2025-09-05T17:51:34.015Z,484
2025-09-05T17:51:43.997Z,485
2025-09-05T17:51:53.990Z,486
2025-09-05T17:52:04.266Z,485
2025-09-05T17:52:13.973Z,482
2025-09-05T17:52:24.034Z,484
2025-09-05T17:52:33.954Z,482
2025-09-05T17:52:43.950Z,485
2025-09-05T17:52:53.936Z,485
2025-09-05T17:53:03.927Z,485
2025-09-05T17:53:13.980Z,483
2025-09-05T17:53:23.928Z,485
2025-09-05T17:53:33.903Z,485
2025-09-05T17:53:43.966Z,485
2025-09-05T17:53:53.885Z,485
2025-09-05T17:54:03.939Z,480
2025-09-05T17:54:13.867Z,484
2025-09-05T17:54:23.857Z,484
2025-09-05T17:54:33.853Z,482
2025-09-05T17:54:43.839Z,480
2025-09-05T17:54:53.830Z,486
2025-09-05T17:55:03.821Z,486
2025-09-05T17:55:13.817Z,482
2025-09-05T17:55:23.807Z,483
2025-09-05T17:55:33.819Z,482
2025-09-05T17:55:43.788Z,484
2025-09-05T17:55:53.789Z,483
2025-09-05T17:56:03.770Z,485
2025-09-05T17:56:13.765Z,483
2025-09-05T17:56:23.752Z,485
2025-09-05T17:56:33.750Z,487
2025-09-05T17:56:43.733Z,485
2025-09-05T17:56:53.731Z,486
2025-09-05T17:57:03.747Z,483
2025-09-05T17:57:13.710Z,485
2025-09-05T17:57:23.701Z,483
2025-09-05T17:57:33.692Z,482
2025-09-05T17:57:43.703Z,486
2025-09-05T17:57:53.673Z,482
2025-09-05T17:58:03.670Z,481
2025-09-05T17:58:13.655Z,483
2025-09-05T17:58:23.647Z,481
2025-09-05T17:58:33.641Z,483
2025-09-05T17:58:43.635Z,487
2025-09-05T17:58:53.623Z,485
2025-09-05T17:59:03.619Z,481
2025-09-05T17:59:13.612Z,484
2025-09-05T17:59:23.610Z,485
2025-09-05T17:59:33.586Z,486
2025-09-05T17:59:43.651Z,481
2025-09-05T17:59:53.570Z,483
2025-09-05T18:00:03.559Z,487
2025-09-05T18:00:13.555Z,482
2025-09-05T18:00:23.560Z,488
2025-09-05T18:00:33.535Z,486
2025-09-05T18:00:43.526Z,482
2025-09-05T18:00:53.519Z,482
2025-09-05T18:01:03.507Z,485
2025-09-05T18:01:13.528Z,485
2025-09-05T18:01:23.489Z,483
2025-09-05T18:01:33.484Z,482
2025-09-05T18:01:43.471Z,484
2025-09-05T18:01:53.466Z,486
2025-09-05T18:02:03.457Z,483
2025-09-05T18:02:13.447Z,484
2025-09-05T18:02:23.451Z,484
2025-09-05T18:02:33.429Z,486
2025-09-05T18:02:43.419Z,483
2025-09-05T18:02:53.410Z,486
2025-09-05T18:03:03.403Z,483
2025-09-05T18:03:13.422Z,484
2025-09-05T18:03:23.383Z,485
2025-09-05T18:03:33.379Z,482
2025-09-05T18:03:43.368Z,484
2025-09-05T18:03:53.462Z,487
2025-09-05T18:04:03.350Z,484
2025-09-05T18:04:13.341Z,487
2025-09-05T18:04:23.368Z,480
2025-09-05T18:04:33.326Z,486
2025-09-05T18:04:43.354Z,490
2025-09-05T18:04:53.304Z,483
2025-09-05T18:05:03.303Z,484
2025-09-05T18:05:13.290Z,485
2025-09-05T18:05:23.280Z,488
2025-09-05T18:05:33.276Z,485
2025-09-05T18:05:43.263Z,483
2025-09-05T18:05:53.268Z,486
2025-09-05T18:06:03.246Z,481
2025-09-05T18:06:13.235Z,487
2025-09-05T18:06:23.226Z,483
2025-09-05T18:06:33.217Z,486
2025-09-05T18:06:43.214Z,481
2025-09-05T18:06:53.202Z,488
2025-09-05T18:07:03.193Z,482
2025-09-05T18:07:13.185Z,484
2025-09-05T18:07:23.175Z,488
2025-09-05T18:07:33.193Z,487
2025-09-05T18:07:43.181Z,485
2025-09-05T18:07:53.568Z,483
2025-09-05T18:08:03.138Z,488
2025-09-05T18:08:13.129Z,484
2025-09-05T18:08:23.125Z,480
2025-09-05T18:08:33.123Z,483
2025-09-05T18:08:43.106Z,490
2025-09-05T18:08:53.182Z,488
2025-09-05T18:09:03.087Z,485
2025-09-05T18:09:13.078Z,489
2025-09-05T18:09:23.071Z,483
2025-09-05T18:09:33.060Z,489
2025-09-05T18:09:43.051Z,490
2025-09-05T18:09:53.113Z,486
2025-09-05T18:10:03.032Z,485
2025-09-05T18:10:13.027Z,484
2025-09-05T18:10:23.018Z,484
2025-09-05T18:10:33.115Z,489
2025-09-05T18:10:43.000Z,488
2025-09-05T18:10:52.990Z,484
2025-09-05T18:11:02.981Z,485
2025-09-05T18:11:12.975Z,488
2025-09-05T18:11:22.966Z,488
2025-09-05T18:11:32.962Z,485
2025-09-05T18:11:42.946Z,489
2025-09-05T18:11:52.940Z,489
2025-09-05T18:12:02.930Z,487
2025-09-05T18:12:12.952Z,489
2025-09-05T18:12:22.912Z,489
2025-09-05T18:12:32.903Z,489
2025-09-05T18:12:42.895Z,487
2025-09-05T18:12:52.885Z,490
2025-09-05T18:13:02.971Z,490
2025-09-05T18:13:12.866Z,487
2025-09-05T18:13:22.857Z,487
2025-09-05T18:13:32.867Z,490
2025-09-05T18:13:42.843Z,488
2025-09-05T18:13:52.840Z,489
2025-09-05T18:14:02.824Z,490
2025-09-05T18:14:12.815Z,489
2025-09-05T18:14:22.821Z,485
2025-09-05T18:14:32.797Z,486
2025-09-05T18:14:42.820Z,489
2025-09-05T18:14:52.779Z,489
2025-09-05T18:15:02.769Z,490
2025-09-05T18:15:12.764Z,489
2025-09-05T18:15:22.755Z,488
2025-09-05T18:15:32.753Z,486
2025-09-05T18:15:42.737Z,488
2025-09-05T18:15:52.727Z,489
2025-09-05T18:16:02.719Z,492
2025-09-05T18:16:12.708Z,489
2025-09-05T18:16:22.701Z,495
2025-09-05T18:16:32.691Z,488
2025-09-05T18:16:42.685Z,488
2025-09-05T18:16:52.677Z,490
2025-09-05T18:17:02.670Z,488
2025-09-05T18:17:12.659Z,492
2025-09-05T18:17:22.649Z,494
2025-09-05T18:17:32.640Z,490
2025-09-05T18:17:42.631Z,491
2025-09-05T18:17:52.621Z,493
2025-09-05T18:18:02.612Z,489
2025-09-05T18:18:12.614Z,488
2025-09-05T18:18:22.594Z,494
2025-09-05T18:18:32.641Z,492
2025-09-05T18:18:42.579Z,493
2025-09-05T18:18:52.571Z,488
2025-09-05T18:19:02.749Z,491
2025-09-05T18:19:12.570Z,490
2025-09-05T18:19:22.543Z,494
2025-09-05T18:19:32.534Z,494
2025-09-05T18:19:42.579Z,490
2025-09-05T18:19:52.516Z,496
2025-09-05T18:20:02.544Z,494
2025-09-05T18:20:12.586Z,495
2025-09-05T18:20:22.493Z,496
2025-09-05T18:20:32.483Z,495
2025-09-05T18:20:42.474Z,491
2025-09-05T18:20:52.464Z,493
2025-09-05T18:21:02.470Z,496
2025-09-05T18:21:12.446Z,493
2025-09-05T18:21:22.478Z,498
2025-09-05T18:21:32.428Z,494
2025-09-05T18:21:42.419Z,495
2025-09-05T18:21:52.495Z,496
2025-09-05T18:22:02.404Z,493
2025-09-05T18:22:12.401Z,496
2025-09-05T18:22:22.389Z,492
2025-09-05T18:22:32.377Z,496
2025-09-05T18:22:42.368Z,490
2025-09-05T18:22:52.358Z,494
2025-09-05T18:23:02.352Z,497
2025-09-05T18:23:12.347Z,493
2025-09-05T18:23:22.331Z,489
2025-09-05T18:23:32.326Z,495
2025-09-05T18:23:42.317Z,494
2025-09-05T18:23:52.337Z,497
2025-09-05T18:24:02.298Z,493
2025-09-05T18:24:12.289Z,494
2025-09-05T18:24:22.280Z,497
2025-09-05T18:24:32.275Z,493
2025-09-05T18:24:42.456Z,494
2025-09-05T18:24:52.254Z,495
2025-09-05T18:25:02.247Z,492
2025-09-05T18:25:12.234Z,497
2025-09-05T18:25:22.229Z,495
2025-09-05T18:25:32.220Z,495
2025-09-05T18:25:42.211Z,494
2025-09-05T18:25:52.206Z,495
2025-09-05T18:26:02.192Z,497
2025-09-05T18:26:12.209Z,501
2025-09-05T18:26:22.179Z,497
2025-09-05T18:26:32.165Z,494
2025-09-05T18:26:42.156Z,497
2025-09-05T18:26:52.147Z,496
2025-09-05T18:27:02.142Z,499
2025-09-05T18:27:12.132Z,497
2025-09-05T18:27:22.129Z,489
2025-09-05T18:27:32.116Z,500
2025-09-05T18:27:42.117Z,499
2025-09-05T18:27:52.096Z,496
2025-09-05T18:28:02.087Z,496
2025-09-05T18:28:12.078Z,497
2025-09-05T18:28:22.340Z,496
2025-09-05T18:28:32.100Z,494
2025-09-05T18:28:42.054Z,496
2025-09-05T18:28:52.045Z,497
2025-09-05T18:29:02.038Z,496
2025-09-05T18:29:12.056Z,494
2025-09-05T18:29:22.017Z,497
2025-09-05T18:29:32.008Z,498
2025-09-05T18:29:41.999Z,500
2025-09-05T18:29:51.990Z,497
2025-09-05T18:30:01.981Z,496
2025-09-05T18:30:11.971Z,497
2025-09-05T18:30:21.972Z,496
2025-09-05T18:30:31.959Z,499
2025-09-05T18:30:41.948Z,497
2025-09-05T18:30:51.939Z,499
2025-09-05T18:31:01.930Z,497
2025-09-05T18:31:11.921Z,499
2025-09-05T18:31:21.914Z,499
2025-09-05T18:31:31.921Z,495
2025-09-05T18:31:41.921Z,500
2025-09-05T18:31:51.884Z,499
2025-09-05T18:32:01.891Z,500
2025-09-05T18:32:11.884Z,497
2025-09-05T18:32:21.868Z,501
2025-09-05T18:32:31.852Z,500
2025-09-05T18:32:41.842Z,498
2025-09-05T18:32:51.833Z,499
2025-09-05T18:33:01.824Z,496
2025-09-05T18:33:11.818Z,500
2025-09-05T18:33:21.841Z,501
2025-09-05T18:33:31.797Z,496
2025-09-05T18:33:41.787Z,497
2025-09-05T18:33:51.782Z,500
2025-09-05T18:34:01.773Z,501
2025-09-05T18:34:11.763Z,498
2025-09-05T18:34:21.755Z,497
2025-09-05T18:34:31.748Z,501
2025-09-05T18:34:41.737Z,502
2025-09-05T18:34:51.728Z,498
2025-09-05T18:35:01.717Z,497
2025-09-05T18:35:11.709Z,497
2025-09-05T18:35:21.699Z,497
2025-09-05T18:35:31.690Z,499
2025-09-05T18:35:41.752Z,497
2025-09-05T18:35:51.684Z,499
2025-09-05T18:36:01.670Z,502
2025-09-05T18:36:11.661Z,501
2025-09-05T18:36:21.649Z,499
2025-09-05T18:36:31.640Z,498
2025-09-05T18:36:41.631Z,500
2025-09-05T18:36:51.621Z,501
2025-09-05T18:37:01.612Z,501
2025-09-05T18:37:11.603Z,503
2025-09-05T18:37:21.597Z,503
2025-09-05T18:37:31.620Z,502
2025-09-05T18:37:42.057Z,502
2025-09-05T18:37:51.570Z,503
2025-09-05T18:38:01.561Z,499
2025-09-05T18:38:11.552Z,500
2025-09-05T18:38:21.543Z,504
2025-09-05T18:38:31.534Z,500
2025-09-05T18:38:41.524Z,500
2025-09-05T18:38:51.515Z,498
2025-09-05T18:39:01.506Z,501
2025-09-05T18:39:11.514Z,500
2025-09-05T18:39:21.491Z,503
2025-09-05T18:39:31.491Z,503
2025-09-05T18:39:41.578Z,500
2025-09-05T18:39:51.464Z,498
2025-09-05T18:40:01.455Z,501
2025-09-05T18:40:11.446Z,500
2025-09-05T18:40:21.437Z,502
2025-09-05T18:40:31.444Z,501
2025-09-05T18:40:41.440Z,502
2025-09-05T18:40:51.414Z,500
2025-09-05T18:41:01.404Z,501
2025-09-05T18:41:11.398Z,501
2025-09-05T18:41:21.389Z,502
2025-09-05T18:41:31.396Z,498
2025-09-05T18:41:41.369Z,502
2025-09-05T18:41:51.475Z,500
2025-09-05T18:42:01.355Z,501
2025-09-05T18:42:11.348Z,501
2025-09-05T18:42:21.331Z,501
2025-09-05T18:42:31.321Z,500
2025-09-05T18:42:41.316Z,502
2025-09-05T18:42:51.312Z,499
2025-09-05T18:43:01.348Z,502
2025-09-05T18:43:11.289Z,499
2025-09-05T18:43:21.279Z,502
2025-09-05T18:43:31.270Z,498
2025-09-05T18:43:41.261Z,502
2025-09-05T18:43:51.260Z,502
2025-09-05T18:44:01.242Z,501
2025-09-05T18:44:11.234Z,503
2025-09-05T18:44:21.255Z,501
2025-09-05T18:44:31.219Z,502
2025-09-05T18:44:41.210Z,500
2025-09-05T18:44:51.210Z,502
2025-09-05T18:45:01.201Z,500
2025-09-05T18:45:11.536Z,503
2025-09-05T18:45:21.173Z,503
2025-09-05T18:45:31.164Z,505
2025-09-05T18:45:41.155Z,506
2025-09-05T18:45:51.146Z,504
2025-09-05T18:46:01.137Z,502
2025-09-05T18:46:11.133Z,505
2025-09-05T18:46:21.125Z,502
2025-09-05T18:46:31.143Z,503
2025-09-05T18:46:41.104Z,503
2025-09-05T18:46:51.095Z,501
2025-09-05T18:47:01.085Z,501
2025-09-05T18:47:11.148Z,502
2025-09-05T18:47:21.068Z,507
2025-09-05T18:47:31.069Z,503
2025-09-05T18:47:41.051Z,500
2025-09-05T18:47:51.044Z,501
2025-09-05T18:48:01.047Z,505
2025-09-05T18:48:11.075Z,502
2025-09-05T18:48:21.152Z,504
2025-09-05T18:48:31.007Z,510
2025-09-05T18:48:41.019Z,511
2025-09-05T18:48:51.007Z,505
2025-09-05T18:49:00.980Z,504
2025-09-05T18:49:10.998Z,500
2025-09-05T18:49:20.961Z,502
2025-09-05T18:49:30.956Z,503
2025-09-05T18:49:40.957Z,503
2025-09-05T18:49:50.938Z,506
2025-09-05T18:50:00.929Z,504
2025-09-05T18:50:10.920Z,505
2025-09-05T18:50:20.910Z,505
2025-09-05T18:50:30.904Z,507
2025-09-05T18:50:40.897Z,503
2025-09-05T18:50:50.883Z,502
2025-09-05T18:51:00.874Z,502
2025-09-05T18:51:10.869Z,507
2025-09-05T18:51:20.859Z,504
2025-09-05T18:51:30.850Z,504
2025-09-05T18:51:40.841Z,502
2025-09-05T18:51:50.833Z,509
2025-09-05T18:52:00.823Z,507
2025-09-05T18:52:10.820Z,500
2025-09-05T18:52:20.814Z,503
2025-09-05T18:52:30.796Z,504
2025-09-05T18:52:40.786Z,504
2025-09-05T18:52:50.785Z,505
2025-09-05T18:53:00.773Z,502
2025-09-05T18:53:10.763Z,504
2025-09-05T18:53:20.754Z,502
2025-09-05T18:53:30.745Z,504
2025-09-05T18:53:40.736Z,503
2025-09-05T18:53:50.727Z,506
2025-09-05T18:54:00.717Z,504
2025-09-05T18:54:10.766Z,506
2025-09-05T18:54:20.698Z,505
2025-09-05T18:54:30.693Z,505
2025-09-05T18:54:40.685Z,506
2025-09-05T18:54:50.680Z,505
2025-09-05T18:55:00.666Z,505
2025-09-05T18:55:10.656Z,501
2025-09-05T18:55:20.648Z,507
2025-09-05T18:55:30.638Z,504
2025-09-05T18:55:40.634Z,505
2025-09-05T18:55:50.621Z,504
2025-09-05T18:56:00.611Z,503
2025-09-05T18:56:10.612Z,505
2025-09-05T18:56:20.626Z,504
2025-09-05T18:56:30.590Z,506
2025-09-05T18:56:40.579Z,504
2025-09-05T18:56:50.571Z,506
2025-09-05T18:57:00.560Z,503
2025-09-05T18:57:10.551Z,504
2025-09-05T18:57:20.541Z,508
2025-09-05T18:57:30.532Z,505
2025-09-05T18:57:40.575Z,507
2025-09-05T18:57:50.518Z,508
2025-09-05T18:58:00.694Z,507
2025-09-05T18:58:10.500Z,509
2025-09-05T18:58:20.491Z,508
2025-09-05T18:58:30.482Z,507
2025-09-05T18:58:40.472Z,508
2025-09-05T18:58:50.463Z,507
2025-09-05T18:59:00.454Z,506
2025-09-05T18:59:10.445Z,509
2025-09-05T18:59:20.436Z,503
2025-09-05T18:59:30.427Z,509
2025-09-05T18:59:40.560Z,503
2025-09-05T18:59:50.413Z,509
2025-09-05T19:00:00.408Z,505
2025-09-05T19:00:10.394Z,508
2025-09-05T19:00:20.385Z,503
2025-09-05T19:00:30.376Z,509
2025-09-05T19:00:40.367Z,504
2025-09-05T19:00:50.361Z,503
2025-09-05T19:01:00.348Z,504
2025-09-05T19:01:10.339Z,504
2025-09-05T19:01:20.344Z,507
2025-09-05T19:01:30.327Z,506
2025-09-05T19:01:40.315Z,503
2025-09-05T19:01:50.307Z,505
2025-09-05T19:02:00.297Z,505
2025-09-05T19:02:10.288Z,505
2025-09-05T19:02:20.278Z,506
2025-09-05T19:02:30.271Z,506
2025-09-05T19:02:40.268Z,505
2025-09-05T19:02:50.251Z,509
2025-09-05T19:03:00.242Z,505
2025-09-05T19:03:10.236Z,504
2025-09-05T19:03:20.227Z,506
2025-09-05T19:03:30.218Z,506
2025-09-05T19:03:40.209Z,509
2025-09-05T19:03:50.201Z,507
2025-09-05T19:04:00.191Z,505
2025-09-05T19:04:10.211Z,505
2025-09-05T19:04:20.173Z,507
2025-09-05T19:04:30.199Z,507
2025-09-05T19:04:40.173Z,504
2025-09-05T19:04:50.145Z,503
2025-09-05T19:05:00.226Z,504
2025-09-05T19:05:10.144Z,509
2025-09-05T19:05:20.182Z,507
2025-09-05T19:05:30.113Z,505
2025-09-05T19:05:40.103Z,505
2025-09-05T19:05:50.094Z,507
2025-09-05T19:06:00.085Z,509
2025-09-05T19:06:10.076Z,507
2025-09-05T19:06:20.100Z,504
2025-09-05T19:06:30.130Z,508
2025-09-05T19:06:40.048Z,508
2025-09-05T19:06:50.048Z,506
2025-09-05T19:07:00.037Z,505
2025-09-05T19:07:10.055Z,506
2025-09-05T19:07:20.015Z,508
2025-09-05T19:07:30.006Z,509
2025-09-05T19:07:40.080Z,507
2025-09-05T19:07:49.988Z,505
2025-09-05T19:07:59.994Z,508
2025-09-05T19:08:09.969Z,504
2025-09-05T19:08:20.569Z,505
2025-09-05T19:08:29.952Z,503
2025-09-05T19:08:39.946Z,505
2025-09-05T19:08:49.989Z,509
2025-09-05T19:08:59.935Z,509
2025-09-05T19:09:09.960Z,507
2025-09-05T19:09:19.914Z,504
2025-09-05T19:09:29.906Z,508
2025-09-05T19:09:39.893Z,506
2025-09-05T19:09:49.883Z,504
2025-09-05T19:09:59.873Z,507
2025-09-05T19:10:09.864Z,508
2025-09-05T19:10:19.855Z,504
2025-09-05T19:10:29.849Z,504
2025-09-05T19:10:39.840Z,507
2025-09-05T19:10:49.835Z,510
2025-09-05T19:10:59.828Z,504
2025-09-05T19:11:09.812Z,506
2025-09-05T19:11:19.804Z,505
2025-09-05T19:11:29.794Z,506
2025-09-05T19:11:39.819Z,509
2025-09-05T19:11:49.776Z,508
2025-09-05T19:11:59.766Z,510
2025-09-05T19:12:09.757Z,506
2025-09-05T19:12:19.754Z,505
2025-09-05T19:12:29.743Z,509
2025-09-05T19:12:39.734Z,511
2025-09-05T19:12:49.725Z,508
2025-09-05T19:12:59.716Z,507
2025-09-05T19:13:09.708Z,508
2025-09-05T19:13:19.698Z,509
2025-09-05T19:13:29.689Z,508
2025-09-05T19:13:39.680Z,503
2025-09-05T19:13:49.673Z,507
2025-09-05T19:13:59.662Z,507
2025-09-05T19:14:09.656Z,509
2025-09-05T19:14:19.647Z,507
2025-09-05T19:14:29.638Z,506
2025-09-05T19:14:39.650Z,509
2025-09-05T19:14:49.619Z,507
2025-09-05T19:14:59.610Z,506
2025-09-05T19:15:09.640Z,509
2025-09-05T19:15:19.592Z,506
2025-09-05T19:15:29.583Z,505
2025-09-05T19:15:39.574Z,504
2025-09-05T19:15:49.565Z,508
2025-09-05T19:15:59.561Z,508
2025-09-05T19:16:09.550Z,510
2025-09-05T19:16:19.540Z,508
2025-09-05T19:16:29.531Z,509
2025-09-05T19:16:39.524Z,508
2025-09-05T19:16:49.513Z,508
2025-09-05T19:16:59.522Z,505
2025-09-05T19:17:09.502Z,507
2025-09-05T19:17:19.485Z,506
2025-09-05T19:17:29.527Z,510
2025-09-05T19:17:39.471Z,508
2025-09-05T19:17:49.462Z,505
2025-09-05T19:17:59.463Z,509
2025-09-05T19:18:09.444Z,508
2025-09-05T19:18:19.434Z,510
2025-09-05T19:18:29.426Z,510
2025-09-05T19:18:39.419Z,509
2025-09-05T19:18:49.407Z,507
2025-09-05T19:18:59.398Z,509
2025-09-05T19:19:09.389Z,510
2025-09-05T19:19:19.495Z,509
2025-09-05T19:19:29.375Z,513
2025-09-05T19:19:39.367Z,513
2025-09-05T19:19:49.357Z,510
2025-09-05T19:19:59.350Z,508
2025-09-05T19:20:09.340Z,508
2025-09-05T19:20:19.329Z,514
2025-09-05T19:20:29.320Z,509
2025-09-05T19:20:39.311Z,510
2025-09-05T19:20:49.304Z,510
2025-09-05T19:20:59.296Z,511
2025-09-05T19:21:09.328Z,509
2025-09-05T19:21:19.279Z,508
2025-09-05T19:21:29.270Z,511
2025-09-05T19:21:39.260Z,509
2025-09-05T19:21:49.285Z,512
2025-09-05T19:21:59.256Z,510
2025-09-05T19:22:09.232Z,509
2025-09-05T19:22:19.290Z,513
2025-09-05T19:22:29.216Z,511
2025-09-05T19:22:39.208Z,509
2025-09-05T19:22:49.220Z,513
2025-09-05T19:22:59.200Z,511
2025-09-05T19:23:09.230Z,507
2025-09-05T19:23:19.171Z,507
2025-09-05T19:23:29.208Z,509
2025-09-05T19:23:39.171Z,510
2025-09-05T19:23:49.146Z,511
2025-09-05T19:23:59.145Z,512
2025-09-05T19:24:09.125Z,510
2025-09-05T19:24:19.128Z,509
2025-09-05T19:24:29.112Z,507
2025-09-05T19:24:39.103Z,512
2025-09-05T19:24:49.101Z,506
2025-09-05T19:24:59.085Z,510
2025-09-05T19:25:09.075Z,508
2025-09-05T19:25:19.068Z,508
2025-09-05T19:25:29.057Z,510
2025-09-05T19:25:39.047Z,512
2025-09-05T19:25:49.038Z,508
2025-09-05T19:25:59.029Z,510
2025-09-05T19:26:09.029Z,509
2025-09-05T19:26:19.015Z,510
2025-09-05T19:26:29.005Z,509
2025-09-05T19:26:39.000Z,509
2025-09-05T19:26:48.988Z,508
2025-09-05T19:26:58.978Z,512
2025-09-05T19:27:08.969Z,508
2025-09-05T19:27:18.962Z,510
2025-09-05T19:27:28.952Z,513
2025-09-05T19:27:38.986Z,511
2025-09-05T19:27:48.957Z,508
2025-09-05T19:27:58.934Z,510
2025-09-05T19:28:08.921Z,508
2025-09-05T19:28:18.922Z,509
2025-09-05T19:28:28.900Z,510
2025-09-05T19:28:39.557Z,507
2025-09-05T19:28:48.887Z,510
2025-09-05T19:28:58.872Z,507
2025-09-05T19:29:08.864Z,511
2025-09-05T19:29:18.876Z,507
2025-09-05T19:29:28.845Z,509
2025-09-05T19:29:38.837Z,505
2025-09-05T19:29:48.831Z,511
2025-09-05T19:29:59.043Z,509
2025-09-05T19:30:09.035Z,512
2025-09-05T19:30:18.803Z,509
2025-09-05T19:30:28.838Z,510
2025-09-05T19:30:38.786Z,511
2025-09-05T19:30:48.783Z,508
2025-09-05T19:30:58.766Z,511
2025-09-05T19:31:08.757Z,508
2025-09-05T19:31:18.747Z,510
2025-09-05T19:31:28.738Z,509
2025-09-05T19:31:38.736Z,511
2025-09-05T19:31:48.724Z,509
2025-09-05T19:31:58.716Z,509
2025-09-05T19:32:08.706Z,509
2025-09-05T19:32:18.696Z,508
2025-09-05T19:32:28.688Z,510
2025-09-05T19:32:38.679Z,510
2025-09-05T19:32:48.670Z,515
2025-09-05T19:32:58.947Z,508
2025-09-05T19:33:08.653Z,509
2025-09-05T19:33:18.646Z,514
2025-09-05T19:33:28.639Z,510
2025-09-05T19:33:38.627Z,510
2025-09-05T19:33:48.619Z,510
2025-09-05T19:33:58.609Z,510
2025-09-05T19:34:08.600Z,509
2025-09-05T19:34:18.591Z,509
2025-09-05T19:34:28.593Z,511
2025-09-05T19:34:38.574Z,509
2025-09-05T19:34:48.577Z,508
2025-09-05T19:34:58.554Z,511
2025-09-05T19:35:08.549Z,509
2025-09-05T19:35:18.539Z,510
2025-09-05T19:35:28.531Z,509
2025-09-05T19:35:38.521Z,508
2025-09-05T19:35:48.531Z,508
2025-09-05T19:35:58.503Z,511
2025-09-05T19:36:08.493Z,511
2025-09-05T19:36:18.484Z,508
2025-09-05T19:36:28.475Z,509
2025-09-05T19:36:38.469Z,509
2025-09-05T19:36:48.458Z,512
2025-09-05T19:36:58.452Z,513
2025-09-05T19:37:08.500Z,510
2025-09-05T19:37:18.435Z,511
2025-09-05T19:37:28.425Z,508
2025-09-05T19:37:38.416Z,511
2025-09-05T19:37:48.407Z,507
2025-09-05T19:37:58.398Z,508
2025-09-05T19:38:08.389Z,512
2025-09-05T19:38:18.379Z,511
2025-09-05T19:38:28.371Z,509
2025-09-05T19:38:38.360Z,511
2025-09-05T19:38:48.358Z,509
2025-09-05T19:38:58.353Z,512
2025-09-05T19:39:08.338Z,508
2025-09-05T19:39:18.328Z,509
2025-09-05T19:39:28.339Z,510
2025-09-05T19:39:38.315Z,513
2025-09-05T19:39:48.300Z,509
2025-09-05T19:39:58.291Z,511
2025-09-05T19:40:08.282Z,508
2025-09-05T19:40:18.273Z,512
2025-09-05T19:40:28.264Z,512
2025-09-05T19:40:38.259Z,508
2025-09-05T19:40:48.249Z,508
2025-09-05T19:40:58.254Z,510
2025-09-05T19:41:08.231Z,506
2025-09-05T19:41:18.224Z,513
2025-09-05T19:41:28.212Z,511
2025-09-05T19:41:38.210Z,512
2025-09-05T19:41:48.194Z,511
2025-09-05T19:41:58.202Z,512
2025-09-05T19:42:08.176Z,510
2025-09-05T19:42:18.167Z,511
2025-09-05T19:42:28.161Z,509
2025-09-05T19:42:38.155Z,508
2025-09-05T19:42:48.143Z,513
2025-09-05T19:42:58.134Z,510
2025-09-05T19:43:08.125Z,507
2025-09-05T19:43:18.118Z,508
2025-09-05T19:43:28.107Z,511
2025-09-05T19:43:38.207Z,510
2025-09-05T19:43:48.092Z,513
2025-09-05T19:43:58.079Z,509
2025-09-05T19:44:08.078Z,513
2025-09-05T19:44:18.062Z,508
2025-09-05T19:44:28.060Z,505
2025-09-05T19:44:38.047Z,514
2025-09-05T19:44:48.065Z,512
2025-09-05T19:44:58.033Z,510
2025-09-05T19:45:08.025Z,510
2025-09-05T19:45:18.015Z,507
2025-09-05T19:45:28.001Z,510
2025-09-05T19:45:37.992Z,509
2025-09-05T19:45:47.997Z,505
2025-09-05T19:45:57.979Z,510
2025-09-05T19:46:07.964Z,506
2025-09-05T19:46:17.959Z,508
2025-09-05T19:46:27.952Z,510
2025-09-05T19:46:38.016Z,508
2025-09-05T19:46:47.931Z,509
2025-09-05T19:46:57.929Z,508
2025-09-05T19:47:07.913Z,509
2025-09-05T19:47:17.905Z,509
2025-09-05T19:47:27.903Z,508
2025-09-05T19:47:37.886Z,510
2025-09-05T19:47:47.877Z,508
2025-09-05T19:47:57.867Z,511
2025-09-05T19:48:07.892Z,508
2025-09-05T19:48:17.853Z,510
2025-09-05T19:48:27.845Z,511
2025-09-05T19:48:37.919Z,510
2025-09-05T19:48:47.826Z,510
2025-09-05T19:48:57.817Z,511
2025-09-05T19:49:07.807Z,509
2025-09-05T19:49:17.806Z,508
2025-09-05T19:49:27.789Z,509
2025-09-05T19:49:37.801Z,508
2025-09-05T19:49:47.770Z,509
2025-09-05T19:49:57.761Z,507
2025-09-05T19:50:07.752Z,510
